{
    "loss": 1.3308610916137695,
    "accuracy": 0.9482758641242981
}