{
    "loss": 1.6768585443496704,
    "accuracy": 0.8965517282485962
}